{"cameraMode":{"drawMode":0,"name":"Shaded","section":"Shading Mode"},"sceneLighting":true,"audioPlay":false,"sceneViewState":{"m_AlwaysRefresh":false,"showFog":true,"showSkybox":true,"showFlares":true,"showImageEffects":true,"showParticleSystems":true,"showVisualEffectGraphs":true,"m_FxEnabled":true},"in2DMode":false,"pivot":{"x":0.7157554626464844,"y":-2.6941652297973635,"z":-0.3305246829986572},"rotation":{"x":-0.15484029054641725,"y":-0.6647644639015198,"z":0.14364328980445863,"w":-0.7165817618370056},"size":11.105792045593262,"orthographic":false}