{"cameraMode":{"drawMode":0,"name":"Shaded","section":"Shading Mode"},"sceneLighting":true,"audioPlay":false,"sceneViewState":{"m_AlwaysRefresh":false,"showFog":true,"showSkybox":true,"showFlares":true,"showImageEffects":true,"showParticleSystems":true,"showVisualEffectGraphs":true,"m_FxEnabled":true},"in2DMode":false,"pivot":{"x":48.852874755859378,"y":-10.700735092163086,"z":-18.787046432495118},"rotation":{"x":0.008608652278780938,"y":0.9730183482170105,"z":-0.22763052582740785,"w":0.03679853677749634},"size":47.673255920410159,"orthographic":false}