{"cameraMode":{"drawMode":0,"name":"Shaded","section":"Shading Mode"},"sceneLighting":true,"audioPlay":false,"sceneViewState":{"m_AlwaysRefresh":false,"showFog":true,"showSkybox":true,"showFlares":true,"showImageEffects":true,"showParticleSystems":true,"showVisualEffectGraphs":true,"m_FxEnabled":true},"in2DMode":false,"pivot":{"x":7.7514495849609379,"y":-0.20789718627929688,"z":-1.9323582649230958},"rotation":{"x":-0.26490098237991335,"y":0.6619402170181274,"z":-0.2711735963821411,"w":-0.6466309428215027},"size":11.581293106079102,"orthographic":false}